time,day_of_week,garage,ticketed
59,Sun,1,1
0,Fri,1,1
82,Wed,1,1
46,Sun,1,1
77,Sun,1,1
28,Mon,1,1
70,Sat,1,1
22,Sun,1,1
48,Mon,1,1
22,Sat,1,1
70,Fri,1,1
90,Wed,1,1
42,Tue,1,1
6,Wed,1,1
37,Tue,1,1
62,Wed,1,1
14,Thu,1,1
77,Wed,1,1
88,Sun,1,1
12,Mon,1,1
55,Tue,1,1
79,Thu,1,1
58,Sat,1,1
65,Wed,1,1
57,Fri,1,1
62,Tue,1,1
64,Sat,1,1
64,Wed,1,1
39,Tue,1,1
65,Tue,1,1
70,Sun,1,1
81,Wed,1,1
86,Mon,1,1
53,Tue,1,1
13,Mon,1,1
3,Fri,1,1
48,Fri,1,1
65,Sat,1,1
28,Thu,1,1
38,Tue,1,1
61,Thu,1,1
1,Sun,1,1
85,Sat,1,1
85,Wed,1,1
52,Fri,1,1
33,Mon,1,1
83,Thu,1,1
2,Sat,1,1
41,Sun,1,1
63,Tue,1,1
13,Sat,2,1
14,Wed,2,1
39,Sat,2,1
63,Sat,2,1
24,Sun,2,1
77,Tue,2,1
8,Mon,2,1
33,Thu,2,1
51,Fri,2,1
94,Sun,2,1
47,Thu,2,1
80,Tue,2,1
58,Sun,2,1
79,Fri,2,1
91,Tue,2,1
6,Tue,2,1
64,Tue,2,1
80,Wed,2,1
68,Wed,2,1
56,Wed,2,1
27,Sat,2,1
78,Tue,2,1
32,Fri,2,1
39,Tue,2,1
94,Fri,2,1
80,Wed,2,1
32,Wed,2,1
36,Mon,2,1
36,Wed,2,1
76,Sat,2,1
51,Sat,2,1
50,Thu,2,1
20,Fri,2,1
95,Sat,2,1
40,Tue,2,1
59,Tue,2,1
56,Thu,2,1
65,Thu,2,1
71,Tue,2,1
42,Tue,2,1
19,Mon,2,1
30,Tue,2,1
22,Sat,2,1
42,Thu,2,1
27,Sat,2,1
27,Thu,2,1
52,Wed,2,1
83,Sat,2,1
16,Wed,2,1
92,Fri,2,1
47,Sat,3,1
89,Thu,3,1
59,Thu,3,1
78,Thu,3,1
35,Wed,3,1
79,Tue,3,1
92,Wed,3,1
88,Sun,3,1
20,Sat,3,1
88,Tue,3,1
3,Fri,3,1
95,Thu,3,1
26,Sat,3,1
63,Mon,3,1
54,Sat,3,1
42,Sun,3,1
3,Sun,3,1
54,Fri,3,1
37,Sat,3,1
60,Fri,3,1
26,Fri,3,1
82,Mon,3,1
82,Tue,3,1
85,Wed,3,1
18,Wed,3,1
49,Tue,3,1
74,Tue,3,1
38,Wed,3,1
22,Tue,3,1
33,Sat,3,1
10,Sat,3,1
5,Fri,3,1
31,Thu,3,1
66,Sat,3,1
40,Sat,3,1
20,Thu,3,1
42,Mon,3,1
45,Mon,3,1
17,Sun,3,1
1,Fri,3,1
78,Wed,3,1
29,Tue,3,1
81,Wed,3,1
75,Mon,3,1
58,Fri,3,1
63,Sat,3,1
51,Wed,3,1
42,Sun,3,1
14,Sun,3,1
91,Sun,3,1
15,Sun,4,1
61,Sun,4,1
89,Fri,4,1
86,Sun,4,1
2,Wed,4,1
89,Wed,4,1
85,Sat,4,1
72,Tue,4,1
40,Mon,4,1
38,Sat,4,1
2,Fri,4,1
58,Wed,4,1
6,Tue,4,1
45,Fri,4,1
65,Sat,4,1
92,Sat,4,1
0,Sat,4,1
74,Sun,4,1
50,Wed,4,1
20,Thu,4,1
65,Wed,4,1
89,Thu,4,1
70,Tue,4,1
0,Thu,4,1
39,Tue,4,1
63,Fri,4,1
10,Tue,4,1
13,Tue,4,1
95,Thu,4,1
18,Sun,4,1
29,Wed,4,1
22,Tue,4,1
24,Fri,4,1
31,Tue,4,1
28,Wed,4,1
14,Sat,4,1
46,Sun,4,1
47,Fri,4,1
59,Wed,4,1
13,Thu,4,1
31,Thu,4,1
85,Sun,4,1
73,Tue,4,1
56,Mon,4,1
8,Wed,4,1
7,Mon,4,1
53,Fri,4,1
42,Thu,4,1
38,Wed,4,1
28,Fri,4,1
82,Thu,5,1
69,Wed,5,1
82,Wed,5,1
19,Thu,5,1
61,Thu,5,1
30,Tue,5,1
12,Sun,5,1
48,Sun,5,1
12,Tue,5,1
48,Wed,5,1
47,Thu,5,1
41,Tue,5,1
71,Sat,5,1
9,Sun,5,1
70,Tue,5,1
76,Fri,5,1
24,Sun,5,1
32,Thu,5,1
36,Mon,5,1
46,Mon,5,1
54,Fri,5,1
31,Fri,5,1
25,Tue,5,1
50,Thu,5,1
49,Tue,5,1
17,Tue,5,1
13,Sun,5,1
82,Wed,5,1
43,Fri,5,1
59,Tue,5,1
95,Wed,5,1
10,Sat,5,1
63,Sat,5,1
39,Tue,5,1
15,Mon,5,1
83,Sun,5,1
9,Tue,5,1
10,Wed,5,1
33,Thu,5,1
35,Tue,5,1
2,Thu,5,1
27,Tue,5,1
78,Mon,5,1
42,Sat,5,1
62,Fri,5,1
41,Fri,5,1
44,Fri,5,1
37,Fri,5,1
65,Tue,5,1
58,Thu,5,1
33,Sat,6,1
88,Tue,6,1
3,Sat,6,1
83,Fri,6,1
63,Thu,6,1
75,Tue,6,1
51,Sun,6,1
38,Thu,6,1
63,Sat,6,1
33,Sat,6,1
89,Thu,6,1
27,Tue,6,1
50,Wed,6,1
46,Sun,6,1
88,Thu,6,1
57,Sun,6,1
34,Sun,6,1
46,Thu,6,1
57,Tue,6,1
22,Sun,6,1
48,Fri,6,1
1,Wed,6,1
91,Tue,6,1
72,Sun,6,1
80,Tue,6,1
42,Sat,6,1
87,Tue,6,1
60,Fri,6,1
1,Sun,6,1
3,Mon,6,1
40,Fri,6,1
49,Tue,6,1
38,Fri,6,1
30,Sat,6,1
27,Mon,6,1
52,Tue,6,1
42,Sat,6,1
77,Tue,6,1
58,Sun,6,1
18,Sun,6,1
53,Fri,6,1
95,Fri,6,1
65,Tue,6,1
72,Tue,6,1
93,Fri,6,1
88,Fri,6,1
62,Tue,6,1
45,Fri,6,1
29,Fri,6,1
91,Tue,6,1
51,Sun,7,1
58,Wed,7,1
69,Tue,7,1
52,Sun,7,1
22,Mon,7,1
7,Fri,7,1
20,Thu,7,1
91,Mon,7,1
74,Tue,7,1
89,Sat,7,1
72,Sun,7,1
54,Wed,7,1
65,Wed,7,1
81,Sun,7,1
66,Wed,7,1
82,Mon,7,1
70,Mon,7,1
54,Thu,7,1
20,Sat,7,1
26,Thu,7,1
51,Mon,7,1
70,Wed,7,1
18,Wed,7,1
77,Wed,7,1
13,Wed,7,1
16,Wed,7,1
26,Sat,7,1
1,Mon,7,1
2,Fri,7,1
13,Wed,7,1
16,Thu,7,1
45,Tue,7,1
19,Fri,7,1
84,Wed,7,1
59,Mon,7,1
22,Fri,7,1
22,Fri,7,1
70,Wed,7,1
2,Thu,7,1
85,Tue,7,1
28,Tue,7,1
10,Tue,7,1
94,Sat,7,1
31,Fri,7,1
51,Fri,7,1
68,Mon,7,1
22,Fri,7,1
76,Fri,7,1
53,Wed,7,1
20,Sun,7,1
29,Thu,8,1
73,Thu,8,1
37,Sat,8,1
68,Sun,8,1
18,Tue,8,1
44,Mon,8,1
43,Sun,8,1
67,Fri,8,1
58,Sun,8,1
44,Fri,8,1
23,Thu,8,1
80,Thu,8,1
90,Wed,8,1
34,Sat,8,1
70,Thu,8,1
25,Tue,8,1
13,Wed,8,1
21,Thu,8,1
68,Sun,8,1
17,Sun,8,1
73,Tue,8,1
7,Tue,8,1
16,Sun,8,1
74,Sun,8,1
42,Sun,8,1
29,Sun,8,1
78,Tue,8,1
65,Thu,8,1
71,Thu,8,1
28,Sat,8,1
5,Mon,8,1
24,Sat,8,1
48,Tue,8,1
32,Tue,8,1
6,Tue,8,1
95,Sun,8,1
28,Sun,8,1
53,Sat,8,1
75,Wed,8,1
68,Sun,8,1
81,Thu,8,1
85,Mon,8,1
14,Sat,8,1
60,Mon,8,1
35,Sat,8,1
93,Sat,8,1
38,Sat,8,1
78,Thu,8,1
43,Wed,8,1
72,Fri,8,1
67,Fri,9,1
15,Mon,9,1
94,Fri,9,1
31,Fri,9,1
83,Mon,9,1
48,Fri,9,1
17,Sun,9,1
8,Tue,9,1
92,Fri,9,1
57,Thu,9,1
32,Mon,9,1
25,Sat,9,1
83,Wed,9,1
56,Sat,9,1
44,Sun,9,1
36,Mon,9,1
86,Mon,9,1
83,Sat,9,1
6,Sat,9,1
63,Sun,9,1
91,Mon,9,1
94,Sun,9,1
18,Wed,9,1
33,Tue,9,1
83,Wed,9,1
95,Mon,9,1
20,Fri,9,1
30,Fri,9,1
59,Fri,9,1
13,Sat,9,1
26,Mon,9,1
61,Mon,9,1
10,Mon,9,1
15,Sat,9,1
1,Mon,9,1
71,Wed,9,1
66,Mon,9,1
84,Sun,9,1
58,Tue,9,1
59,Wed,9,1
52,Fri,9,1
79,Sun,9,1
82,Thu,9,1
89,Wed,9,1
63,Sat,9,1
9,Thu,9,1
55,Sat,9,1
78,Tue,9,1
93,Mon,9,1
27,Tue,9,1
94,Sun,10,1
61,Wed,10,1
11,Wed,10,1
67,Thu,10,1
36,Mon,10,1
13,Tue,10,1
42,Tue,10,1
7,Sat,10,1
74,Fri,10,1
12,Tue,10,1
14,Tue,10,1
4,Wed,10,1
63,Thu,10,1
21,Fri,10,1
74,Wed,10,1
52,Thu,10,1
29,Sat,10,1
32,Thu,10,1
43,Thu,10,1
57,Mon,10,1
42,Wed,10,1
9,Fri,10,1
37,Tue,10,1
32,Mon,10,1
45,Thu,10,1
73,Sat,10,1
14,Sun,10,1
67,Tue,10,1
38,Fri,10,1
77,Fri,10,1
56,Wed,10,1
64,Mon,10,1
3,Fri,10,1
7,Wed,10,1
56,Fri,10,1
78,Sat,10,1
95,Mon,10,1
92,Wed,10,1
58,Sun,10,1
65,Tue,10,1
68,Mon,10,1
48,Fri,10,1
3,Mon,10,1
34,Sun,10,1
48,Tue,10,1
72,Mon,10,1
55,Thu,10,1
73,Sat,10,1
21,Wed,10,1
8,Thu,10,1
66,Sun,11,1
88,Mon,11,1
47,Mon,11,1
47,Sun,11,1
72,Tue,11,1
12,Tue,11,1
22,Thu,11,1
48,Fri,11,1
3,Tue,11,1
77,Wed,11,1
13,Wed,11,1
45,Tue,11,1
71,Sat,11,1
23,Tue,11,1
66,Wed,11,1
40,Sat,11,1
76,Sat,11,1
27,Wed,11,1
23,Mon,11,1
44,Sun,11,1
36,Mon,11,1
88,Fri,11,1
9,Tue,11,1
43,Wed,11,1
80,Mon,11,1
91,Sun,11,1
24,Wed,11,1
75,Mon,11,1
50,Mon,11,1
68,Sat,11,1
29,Sun,11,1
8,Sun,11,1
45,Mon,11,1
56,Sun,11,1
85,Wed,11,1
68,Mon,11,1
30,Mon,11,1
38,Wed,11,1
56,Tue,11,1
90,Sat,11,1
32,Mon,11,1
92,Sun,11,1
26,Fri,11,1
88,Mon,11,1
82,Wed,11,1
13,Fri,11,1
31,Fri,11,1
91,Mon,11,1
82,Fri,11,1
66,Wed,11,1
80,Sat,12,1
30,Tue,12,1
47,Sun,12,1
77,Tue,12,1
16,Thu,12,1
82,Fri,12,1
85,Mon,12,1
40,Sun,12,1
9,Fri,12,1
58,Sun,12,1
0,Fri,12,1
71,Mon,12,1
11,Sat,12,1
91,Thu,12,1
21,Sat,12,1
56,Sun,12,1
4,Mon,12,1
66,Sat,12,1
78,Thu,12,1
50,Thu,12,1
12,Tue,12,1
55,Wed,12,1
77,Thu,12,1
41,Wed,12,1
91,Tue,12,1
63,Wed,12,1
37,Thu,12,1
71,Thu,12,1
76,Sun,12,1
53,Mon,12,1
67,Fri,12,1
83,Mon,12,1
73,Fri,12,1
44,Fri,12,1
5,Wed,12,1
25,Sat,12,1
30,Fri,12,1
63,Fri,12,1
74,Wed,12,1
57,Wed,12,1
40,Thu,12,1
8,Thu,12,1
16,Wed,12,1
29,Mon,12,1
83,Sun,12,1
32,Tue,12,1
70,Tue,12,1
11,Wed,12,1
2,Tue,12,1
86,Sun,12,1
11,Tue,13,1
81,Sat,13,1
90,Fri,13,1
43,Wed,13,1
48,Tue,13,1
87,Fri,13,1
24,Sat,13,1
20,Mon,13,1
86,Wed,13,1
31,Tue,13,1
65,Tue,13,1
18,Sun,13,1
54,Mon,13,1
7,Thu,13,1
39,Wed,13,1
18,Mon,13,1
70,Sun,13,1
54,Fri,13,1
3,Thu,13,1
75,Sun,13,1
24,Fri,13,1
28,Sat,13,1
20,Thu,13,1
80,Fri,13,1
28,Sat,13,1
52,Mon,13,1
60,Sun,13,1
95,Wed,13,1
29,Sun,13,1
7,Tue,13,1
76,Tue,13,1
18,Fri,13,1
29,Sat,13,1
0,Fri,13,1
60,Wed,13,1
22,Fri,13,1
3,Sun,13,1
28,Fri,13,1
39,Wed,13,1
31,Tue,13,1
43,Sat,13,1
50,Mon,13,1
7,Thu,13,1
94,Fri,13,1
86,Mon,13,1
2,Sun,13,1
18,Sat,13,1
36,Fri,13,1
89,Thu,13,1
46,Sun,13,1
56,Mon,14,1
60,Thu,14,1
1,Fri,14,1
85,Tue,14,1
37,Wed,14,1
11,Wed,14,1
33,Sun,14,1
65,Thu,14,1
10,Sat,14,1
38,Mon,14,1
39,Sun,14,1
11,Fri,14,1
17,Mon,14,1
71,Mon,14,1
63,Tue,14,1
89,Thu,14,1
87,Thu,14,1
49,Sun,14,1
33,Sat,14,1
46,Fri,14,1
9,Fri,14,1
0,Tue,14,1
43,Tue,14,1
35,Wed,14,1
71,Tue,14,1
31,Thu,14,1
28,Mon,14,1
3,Thu,14,1
15,Mon,14,1
12,Sat,14,1
2,Tue,14,1
28,Thu,14,1
36,Tue,14,1
39,Sat,14,1
90,Fri,14,1
46,Wed,14,1
41,Tue,14,1
68,Wed,14,1
93,Fri,14,1
70,Tue,14,1
93,Tue,14,1
63,Wed,14,1
0,Fri,14,1
28,Tue,14,1
47,Sun,14,1
83,Sun,14,1
58,Tue,14,1
13,Tue,14,1
79,Thu,14,1
86,Fri,14,1
65,Thu,15,1
77,Tue,15,1
28,Fri,15,1
66,Fri,15,1
11,Thu,15,1
77,Mon,15,1
32,Fri,15,1
87,Sun,15,1
85,Thu,15,1
31,Sat,15,1
92,Sat,15,1
14,Fri,15,1
42,Wed,15,1
62,Sat,15,1
27,Fri,15,1
72,Sun,15,1
74,Mon,15,1
35,Thu,15,1
67,Wed,15,1
30,Sun,15,1
80,Tue,15,1
10,Fri,15,1
10,Wed,15,1
39,Thu,15,1
61,Thu,15,1
61,Tue,15,1
45,Sat,15,1
85,Wed,15,1
56,Fri,15,1
9,Wed,15,1
89,Mon,15,1
87,Tue,15,1
93,Tue,15,1
40,Tue,15,1
19,Thu,15,1
60,Mon,15,1
44,Wed,15,1
86,Sat,15,1
91,Sun,15,1
65,Thu,15,1
35,Fri,15,1
95,Mon,15,1
36,Mon,15,1
76,Fri,15,1
16,Thu,15,1
60,Thu,15,1
42,Thu,15,1
71,Mon,15,1
67,Mon,15,1
0,Sun,15,1
22,Sat,16,1
85,Thu,16,1
71,Sun,16,1
78,Sat,16,1
10,Mon,16,1
19,Thu,16,1
12,Fri,16,1
68,Wed,16,1
51,Mon,16,1
11,Fri,16,1
43,Fri,16,1
18,Wed,16,1
58,Sun,16,1
56,Mon,16,1
60,Sun,16,1
72,Thu,16,1
15,Thu,16,1
5,Sun,16,1
32,Wed,16,1
55,Thu,16,1
87,Thu,16,1
65,Mon,16,1
52,Thu,16,1
22,Thu,16,1
84,Sun,16,1
13,Wed,16,1
85,Fri,16,1
59,Wed,16,1
68,Fri,16,1
87,Sun,16,1
42,Wed,16,1
20,Wed,16,1
60,Sat,16,1
56,Sun,16,1
32,Fri,16,1
89,Wed,16,1
86,Wed,16,1
14,Mon,16,1
25,Wed,16,1
77,Thu,16,1
94,Sun,16,1
3,Sun,16,1
80,Tue,16,1
7,Tue,16,1
50,Fri,16,1
79,Wed,16,1
79,Thu,16,1
52,Mon,16,1
52,Tue,16,1
75,Thu,16,1
28,Fri,17,1
94,Fri,17,1
63,Thu,17,1
40,Fri,17,1
16,Thu,17,1
11,Tue,17,1
21,Sat,17,1
32,Wed,17,1
27,Wed,17,1
81,Sun,17,1
92,Fri,17,1
49,Fri,17,1
89,Mon,17,1
9,Tue,17,1
84,Mon,17,1
36,Wed,17,1
41,Sat,17,1
40,Sun,17,1
7,Mon,17,1
4,Wed,17,1
28,Sun,17,1
10,Tue,17,1
2,Mon,17,1
62,Wed,17,1
46,Tue,17,1
4,Thu,17,1
76,Sat,17,1
33,Sun,17,1
28,Wed,17,1
59,Thu,17,1
42,Tue,17,1
28,Sat,17,1
42,Wed,17,1
62,Sat,17,1
49,Mon,17,1
19,Tue,17,1
3,Wed,17,1
54,Mon,17,1
80,Sat,17,1
23,Wed,17,1
16,Tue,17,1
9,Sun,17,1
20,Sun,17,1
54,Thu,17,1
6,Tue,17,1
86,Sun,17,1
93,Mon,17,1
56,Mon,17,1
1,Fri,17,1
64,Fri,17,1
42,Thu,18,1
2,Sun,18,1
65,Thu,18,1
65,Mon,18,1
10,Sun,18,1
18,Tue,18,1
58,Wed,18,1
37,Mon,18,1
34,Sat,18,1
41,Fri,18,1
83,Mon,18,1
32,Sun,18,1
43,Tue,18,1
39,Wed,18,1
68,Fri,18,1
39,Tue,18,1
76,Tue,18,1
58,Fri,18,1
95,Sun,18,1
88,Tue,18,1
16,Thu,18,1
90,Sun,18,1
55,Mon,18,1
41,Tue,18,1
90,Sat,18,1
65,Sun,18,1
89,Fri,18,1
54,Fri,18,1
28,Sun,18,1
17,Fri,18,1
68,Wed,18,1
43,Tue,18,1
46,Wed,18,1
24,Sat,18,1
35,Wed,18,1
89,Mon,18,1
92,Wed,18,1
54,Sat,18,1
73,Thu,18,1
30,Tue,18,1
32,Tue,18,1
15,Tue,18,1
5,Thu,18,1
95,Sun,18,1
12,Mon,18,1
8,Mon,18,1
55,Wed,18,1
25,Tue,18,1
2,Mon,18,1
54,Sun,18,1
50,Fri,19,1
26,Wed,19,1
11,Mon,19,1
12,Fri,19,1
95,Fri,19,1
35,Sun,19,1
41,Wed,19,1
0,Wed,19,1
43,Thu,19,1
53,Mon,19,1
89,Thu,19,1
90,Mon,19,1
17,Thu,19,1
6,Tue,19,1
31,Tue,19,1
54,Wed,19,1
51,Thu,19,1
19,Fri,19,1
81,Tue,19,1
28,Sun,19,1
36,Thu,19,1
13,Sun,19,1
21,Sun,19,1
1,Mon,19,1
67,Wed,19,1
42,Wed,19,1
34,Fri,19,1
22,Sun,19,1
92,Fri,19,1
4,Mon,19,1
61,Fri,19,1
21,Tue,19,1
70,Tue,19,1
75,Wed,19,1
13,Mon,19,1
35,Wed,19,1
63,Fri,19,1
49,Wed,19,1
14,Fri,19,1
93,Mon,19,1
76,Tue,19,1
95,Thu,19,1
36,Wed,19,1
83,Thu,19,1
21,Mon,19,1
13,Mon,19,1
94,Tue,19,1
4,Wed,19,1
12,Sat,19,1
4,Mon,19,1
79,Sun,20,1
25,Thu,20,1
74,Thu,20,1
18,Wed,20,1
16,Thu,20,1
87,Tue,20,1
76,Wed,20,1
4,Mon,20,1
77,Tue,20,1
14,Sun,20,1
94,Sun,20,1
26,Fri,20,1
82,Tue,20,1
91,Sun,20,1
13,Thu,20,1
69,Wed,20,1
43,Fri,20,1
0,Wed,20,1
54,Sat,20,1
87,Sun,20,1
85,Sat,20,1
37,Thu,20,1
89,Fri,20,1
32,Wed,20,1
13,Thu,20,1
9,Thu,20,1
83,Sun,20,1
1,Sat,20,1
12,Wed,20,1
5,Tue,20,1
60,Tue,20,1
28,Sat,20,1
68,Sat,20,1
46,Tue,20,1
91,Wed,20,1
67,Mon,20,1
63,Thu,20,1
9,Mon,20,1
52,Thu,20,1
51,Fri,20,1
13,Sat,20,1
9,Fri,20,1
50,Thu,20,1
90,Sat,20,1
58,Wed,20,1
91,Thu,20,1
7,Sun,20,1
38,Mon,20,1
22,Sun,20,1
8,Mon,20,1
73,Sat,21,1
27,Mon,21,1
37,Mon,21,1
72,Sun,21,1
39,Mon,21,1
3,Mon,21,1
21,Thu,21,1
80,Mon,21,1
83,Mon,21,1
75,Tue,21,1
87,Tue,21,1
52,Sun,21,1
63,Mon,21,1
91,Wed,21,1
41,Mon,21,1
84,Tue,21,1
83,Tue,21,1
22,Thu,21,1
39,Wed,21,1
65,Tue,21,1
58,Wed,21,1
26,Sun,21,1
54,Wed,21,1
12,Sun,21,1
19,Thu,21,1
6,Mon,21,1
36,Sat,21,1
75,Tue,21,1
25,Fri,21,1
75,Fri,21,1
95,Fri,21,1
81,Tue,21,1
30,Thu,21,1
17,Sun,21,1
10,Thu,21,1
25,Tue,21,1
44,Tue,21,1
74,Mon,21,1
51,Sat,21,1
92,Sat,21,1
67,Sat,21,1
89,Wed,21,1
64,Wed,21,1
47,Fri,21,1
91,Sun,21,1
1,Sun,21,1
17,Wed,21,1
27,Tue,21,1
51,Tue,21,1
34,Mon,21,1
94,Fri,22,1
93,Wed,22,1
27,Tue,22,1
49,Mon,22,1
2,Fri,22,1
18,Mon,22,1
76,Tue,22,1
59,Wed,22,1
6,Sat,22,1
60,Mon,22,1
36,Sat,22,1
46,Fri,22,1
83,Wed,22,1
48,Thu,22,1
26,Wed,22,1
41,Tue,22,1
25,Sun,22,1
75,Sat,22,1
32,Thu,22,1
51,Fri,22,1
26,Thu,22,1
43,Sat,22,1
67,Tue,22,1
72,Wed,22,1
63,Sun,22,1
30,Sat,22,1
56,Wed,22,1
39,Fri,22,1
8,Mon,22,1
41,Wed,22,1
53,Fri,22,1
68,Sun,22,1
20,Fri,22,1
78,Sat,22,1
86,Sat,22,1
51,Wed,22,1
13,Fri,22,1
44,Tue,22,1
94,Fri,22,1
13,Fri,22,1
87,Sun,22,1
60,Mon,22,1
88,Fri,22,1
29,Tue,22,1
11,Fri,22,1
8,Sun,22,1
3,Wed,22,1
68,Sun,22,1
3,Tue,22,1
17,Wed,22,1
64,Wed,23,1
14,Fri,23,1
77,Tue,23,1
5,Thu,23,1
72,Wed,23,1
41,Fri,23,1
0,Sat,23,1
93,Mon,23,1
31,Sat,23,1
62,Thu,23,1
52,Tue,23,1
19,Tue,23,1
26,Wed,23,1
63,Fri,23,1
42,Fri,23,1
0,Sun,23,1
2,Tue,23,1
35,Tue,23,1
3,Thu,23,1
24,Sun,23,1
41,Wed,23,1
8,Mon,23,1
40,Tue,23,1
89,Tue,23,1
52,Tue,23,1
51,Sat,23,1
19,Fri,23,1
22,Sun,23,1
92,Sat,23,1
80,Mon,23,1
33,Sun,23,1
89,Fri,23,1
64,Wed,23,1
53,Wed,23,1
2,Thu,23,1
18,Thu,23,1
38,Fri,23,1
8,Thu,23,1
93,Thu,23,1
27,Sat,23,1
57,Wed,23,1
82,Sun,23,1
20,Sun,23,1
22,Mon,23,1
30,Sun,23,1
2,Wed,23,1
89,Wed,23,1
68,Wed,23,1
76,Thu,23,1
23,Wed,23,1
66,Thu,24,1
89,Thu,24,1
8,Sat,24,1
75,Tue,24,1
4,Mon,24,1
87,Thu,24,1
40,Sun,24,1
64,Sat,24,1
74,Thu,24,1
22,Sat,24,1
31,Sun,24,1
76,Mon,24,1
90,Sun,24,1
39,Fri,24,1
65,Thu,24,1
86,Mon,24,1
40,Sat,24,1
71,Fri,24,1
78,Mon,24,1
60,Thu,24,1
38,Wed,24,1
24,Mon,24,1
16,Mon,24,1
54,Wed,24,1
36,Thu,24,1
31,Sun,24,1
28,Tue,24,1
50,Sat,24,1
38,Mon,24,1
54,Fri,24,1
25,Tue,24,1
56,Thu,24,1
69,Wed,24,1
19,Sat,24,1
77,Thu,24,1
60,Fri,24,1
47,Wed,24,1
19,Wed,24,1
30,Mon,24,1
80,Sat,24,1
5,Sat,24,1
4,Sat,24,1
67,Wed,24,1
30,Sat,24,1
18,Fri,24,1
8,Fri,24,1
16,Fri,24,1
16,Thu,24,1
33,Mon,24,1
18,Tue,24,1
72,Fri,25,1
40,Wed,25,1
27,Sun,25,1
36,Thu,25,1
66,Wed,25,1
71,Thu,25,1
82,Wed,25,1
22,Sun,25,1
19,Mon,25,1
10,Thu,25,1
31,Thu,25,1
40,Thu,25,1
32,Wed,25,1
54,Fri,25,1
15,Thu,25,1
15,Tue,25,1
21,Wed,25,1
37,Wed,25,1
81,Sat,25,1
66,Wed,25,1
53,Mon,25,1
29,Fri,25,1
3,Mon,25,1
7,Mon,25,1
6,Mon,25,1
15,Sun,25,1
62,Sat,25,1
15,Wed,25,1
36,Sat,25,1
38,Fri,25,1
29,Mon,25,1
63,Fri,25,1
74,Tue,25,1
49,Sat,25,1
68,Sun,25,1
3,Mon,25,1
25,Mon,25,1
51,Sun,25,1
10,Mon,25,1
33,Mon,25,1
72,Tue,25,1
47,Sat,25,1
90,Wed,25,1
90,Wed,25,1
46,Tue,25,1
7,Wed,25,1
41,Tue,25,1
86,Thu,25,1
83,Thu,25,1
87,Wed,25,1
90,Thu,26,1
42,Thu,26,1
62,Sat,26,1
52,Tue,26,1
2,Sat,26,1
10,Sun,26,1
73,Wed,26,1
89,Mon,26,1
70,Sat,26,1
0,Tue,26,1
7,Sun,26,1
71,Wed,26,1
48,Sat,26,1
95,Mon,26,1
28,Wed,26,1
60,Wed,26,1
83,Sun,26,1
58,Sun,26,1
7,Thu,26,1
46,Thu,26,1
86,Tue,26,1
46,Thu,26,1
8,Sun,26,1
26,Thu,26,1
38,Mon,26,1
79,Fri,26,1
74,Tue,26,1
40,Sat,26,1
48,Sat,26,1
5,Sat,26,1
82,Tue,26,1
10,Mon,26,1
66,Tue,26,1
50,Sun,26,1
38,Thu,26,1
19,Mon,26,1
43,Thu,26,1
8,Tue,26,1
55,Sat,26,1
25,Sat,26,1
82,Tue,26,1
0,Tue,26,1
19,Tue,26,1
87,Tue,26,1
49,Sun,26,1
10,Sat,26,1
88,Sat,26,1
95,Sat,26,1
60,Mon,26,1
91,Fri,26,1
85,Sat,27,1
72,Sun,27,1
60,Fri,27,1
22,Wed,27,1
93,Sat,27,1
69,Tue,27,1
43,Fri,27,1
64,Tue,27,1
86,Sun,27,1
84,Sun,27,1
80,Thu,27,1
93,Sat,27,1
19,Sat,27,1
15,Sat,27,1
8,Sat,27,1
21,Fri,27,1
36,Fri,27,1
6,Tue,27,1
61,Sat,27,1
76,Fri,27,1
66,Sat,27,1
47,Mon,27,1
80,Wed,27,1
52,Thu,27,1
7,Mon,27,1
44,Fri,27,1
39,Fri,27,1
85,Wed,27,1
82,Thu,27,1
14,Thu,27,1
71,Thu,27,1
84,Sat,27,1
44,Tue,27,1
11,Mon,27,1
45,Thu,27,1
55,Sat,27,1
55,Thu,27,1
77,Fri,27,1
7,Tue,27,1
11,Sun,27,1
12,Tue,27,1
3,Sun,27,1
92,Thu,27,1
51,Thu,27,1
5,Thu,27,1
42,Thu,27,1
86,Wed,27,1
39,Sun,27,1
34,Fri,27,1
74,Tue,27,1
28,Wed,28,1
16,Wed,28,1
15,Sat,28,1
44,Sat,28,1
76,Fri,28,1
51,Thu,28,1
7,Wed,28,1
64,Thu,28,1
79,Sat,28,1
74,Tue,28,1
71,Tue,28,1
10,Thu,28,1
75,Sat,28,1
33,Wed,28,1
33,Mon,28,1
73,Mon,28,1
50,Thu,28,1
14,Mon,28,1
33,Wed,28,1
18,Sat,28,1
11,Thu,28,1
59,Wed,28,1
32,Fri,28,1
32,Tue,28,1
60,Sun,28,1
71,Fri,28,1
84,Tue,28,1
23,Wed,28,1
62,Sun,28,1
83,Sun,28,1
21,Sat,28,1
65,Sat,28,1
68,Tue,28,1
53,Thu,28,1
18,Tue,28,1
69,Tue,28,1
16,Sun,28,1
16,Sat,28,1
58,Sat,28,1
74,Fri,28,1
53,Mon,28,1
66,Tue,28,1
8,Sat,28,1
29,Fri,28,1
23,Tue,28,1
47,Fri,28,1
44,Sun,28,1
17,Tue,28,1
91,Tue,28,1
77,Fri,28,1
64,Sun,29,1
68,Thu,29,1
18,Thu,29,1
88,Thu,29,1
66,Sat,29,1
51,Thu,29,1
55,Sun,29,1
22,Sat,29,1
74,Sat,29,1
54,Tue,29,1
72,Fri,29,1
93,Sat,29,1
1,Mon,29,1
91,Sun,29,1
73,Tue,29,1
29,Mon,29,1
8,Sun,29,1
3,Sun,29,1
75,Sun,29,1
32,Wed,29,1
51,Fri,29,1
21,Sun,29,1
38,Fri,29,1
45,Fri,29,1
46,Sun,29,1
33,Thu,29,1
50,Mon,29,1
74,Mon,29,1
63,Thu,29,1
56,Fri,29,1
93,Sun,29,1
24,Wed,29,1
70,Fri,29,1
18,Sun,29,1
66,Sat,29,1
57,Thu,29,1
45,Thu,29,1
48,Wed,29,1
8,Thu,29,1
80,Sat,29,1
90,Sun,29,1
38,Mon,29,1
20,Sat,29,1
33,Tue,29,1
81,Sun,29,1
79,Tue,29,1
81,Sat,29,1
68,Tue,29,1
53,Wed,29,1
14,Sat,29,1
24,Sat,30,1
14,Thu,30,1
22,Mon,30,1
26,Sat,30,1
26,Tue,30,1
28,Tue,30,1
10,Sun,30,1
73,Thu,30,1
10,Tue,30,1
51,Mon,30,1
5,Sun,30,1
1,Mon,30,1
88,Sun,30,1
76,Sun,30,1
83,Fri,30,1
4,Fri,30,1
34,Sat,30,1
59,Sat,30,1
70,Fri,30,1
66,Tue,30,1
15,Fri,30,1
85,Wed,30,1
66,Tue,30,1
28,Thu,30,1
61,Sat,30,1
92,Sun,30,1
59,Sun,30,1
52,Wed,30,1
36,Sun,30,1
53,Thu,30,1
10,Tue,30,1
89,Mon,30,1
31,Mon,30,1
11,Wed,30,1
29,Wed,30,1
62,Tue,30,1
13,Sun,30,1
5,Tue,30,1
3,Tue,30,1
7,Tue,30,1
34,Sun,30,1
65,Fri,30,1
75,Mon,30,1
94,Sat,30,1
49,Sat,30,1
1,Thu,30,1
53,Sun,30,1
56,Thu,30,1
63,Sun,30,1
45,Thu,30,1
32,Sat,31,1
95,Mon,31,1
86,Fri,31,1
71,Sun,31,1
43,Sat,31,1
90,Fri,31,1
12,Fri,31,1
20,Sat,31,1
63,Sat,31,1
71,Thu,31,1
38,Fri,31,1
54,Thu,31,1
6,Tue,31,1
63,Sun,31,1
32,Wed,31,1
30,Mon,31,1
94,Tue,31,1
65,Sun,31,1
59,Fri,31,1
75,Mon,31,1
44,Fri,31,1
20,Wed,31,1
35,Tue,31,1
40,Mon,31,1
40,Sun,31,1
78,Mon,31,1
58,Mon,31,1
0,Fri,31,1
85,Wed,31,1
77,Sat,31,1
81,Sun,31,1
87,Sun,31,1
65,Fri,31,1
90,Wed,31,1
58,Thu,31,1
28,Fri,31,1
39,Mon,31,1
53,Thu,31,1
67,Fri,31,1
49,Sat,31,1
43,Fri,31,1
47,Sun,31,1
52,Wed,31,1
4,Mon,31,1
63,Sun,31,1
33,Fri,31,1
92,Thu,31,1
43,Wed,31,1
56,Fri,31,1
16,Sun,31,1
45,Wed,32,1
32,Thu,32,1
2,Thu,32,1
90,Sun,32,1
38,Thu,32,1
87,Tue,32,1
12,Sun,32,1
43,Fri,32,1
1,Thu,32,1
12,Sun,32,1
80,Tue,32,1
26,Sun,32,1
32,Wed,32,1
89,Thu,32,1
35,Thu,32,1
34,Fri,32,1
11,Tue,32,1
81,Fri,32,1
84,Sat,32,1
30,Tue,32,1
46,Fri,32,1
34,Sun,32,1
23,Fri,32,1
19,Sat,32,1
34,Fri,32,1
73,Fri,32,1
13,Sat,32,1
66,Fri,32,1
33,Thu,32,1
92,Thu,32,1
80,Thu,32,1
23,Fri,32,1
62,Fri,32,1
86,Tue,32,1
60,Fri,32,1
14,Sat,32,1
35,Wed,32,1
66,Sun,32,1
49,Sun,32,1
43,Tue,32,1
69,Mon,32,1
57,Mon,32,1
36,Sat,32,1
78,Thu,32,1
3,Mon,32,1
81,Thu,32,1
51,Thu,32,1
26,Fri,32,1
35,Sat,32,1
41,Tue,32,1
76,Mon,33,1
31,Tue,33,1
24,Fri,33,1
30,Mon,33,1
7,Sat,33,1
45,Wed,33,1
37,Sat,33,1
35,Wed,33,1
61,Thu,33,1
8,Sun,33,1
28,Sun,33,1
51,Mon,33,1
90,Sat,33,1
53,Fri,33,1
70,Mon,33,1
14,Mon,33,1
92,Wed,33,1
2,Thu,33,1
20,Wed,33,1
77,Tue,33,1
11,Sat,33,1
31,Sun,33,1
51,Wed,33,1
82,Thu,33,1
78,Thu,33,1
1,Tue,33,1
49,Wed,33,1
41,Fri,33,1
77,Tue,33,1
53,Wed,33,1
35,Sun,33,1
56,Wed,33,1
69,Fri,33,1
23,Mon,33,1
39,Mon,33,1
21,Sat,33,1
48,Fri,33,1
83,Fri,33,1
36,Sat,33,1
70,Wed,33,1
16,Mon,33,1
13,Sat,33,1
71,Mon,33,1
87,Thu,33,1
24,Fri,33,1
35,Wed,33,1
0,Wed,33,1
11,Sat,33,1
43,Thu,33,1
28,Mon,33,1
26,Wed,34,1
70,Sat,34,1
62,Thu,34,1
49,Sat,34,1
56,Fri,34,1
84,Thu,34,1
17,Thu,34,1
21,Sat,34,1
32,Fri,34,1
40,Fri,34,1
68,Wed,34,1
65,Tue,34,1
85,Mon,34,1
33,Tue,34,1
5,Thu,34,1
95,Tue,34,1
61,Sun,34,1
67,Thu,34,1
31,Sat,34,1
95,Sun,34,1
51,Tue,34,1
78,Mon,34,1
44,Tue,34,1
82,Sun,34,1
86,Sat,34,1
55,Mon,34,1
74,Tue,34,1
73,Thu,34,1
19,Thu,34,1
9,Mon,34,1
9,Sat,34,1
49,Tue,34,1
13,Sun,34,1
8,Fri,34,1
34,Mon,34,1
8,Mon,34,1
29,Sat,34,1
39,Wed,34,1
37,Sat,34,1
89,Sat,34,1
0,Tue,34,1
81,Thu,34,1
92,Fri,34,1
11,Thu,34,1
31,Tue,34,1
10,Sat,34,1
26,Tue,34,1
74,Wed,34,1
39,Tue,34,1
93,Mon,34,1
95,Sat,35,1
71,Sun,35,1
60,Wed,35,1
36,Wed,35,1
19,Sat,35,1
34,Thu,35,1
25,Mon,35,1
8,Wed,35,1
66,Fri,35,1
95,Tue,35,1
94,Mon,35,1
91,Sat,35,1
21,Wed,35,1
41,Tue,35,1
80,Fri,35,1
83,Fri,35,1
35,Sun,35,1
90,Wed,35,1
51,Thu,35,1
35,Sat,35,1
85,Thu,35,1
45,Thu,35,1
93,Wed,35,1
81,Fri,35,1
49,Wed,35,1
57,Sat,35,1
40,Sat,35,1
55,Mon,35,1
48,Thu,35,1
90,Sun,35,1
22,Wed,35,1
15,Wed,35,1
57,Mon,35,1
33,Sat,35,1
82,Wed,35,1
63,Fri,35,1
62,Sat,35,1
48,Tue,35,1
9,Thu,35,1
33,Fri,35,1
55,Mon,35,1
32,Mon,35,1
76,Sun,35,1
68,Thu,35,1
45,Thu,35,1
50,Wed,35,1
59,Sat,35,1
32,Sun,35,1
3,Sat,35,1
20,Tue,35,1
43,Sat,36,1
1,Tue,36,1
17,Sun,36,1
59,Fri,36,1
90,Sat,36,1
10,Fri,36,1
86,Wed,36,1
51,Fri,36,1
28,Tue,36,1
15,Mon,36,1
40,Thu,36,1
87,Tue,36,1
28,Fri,36,1
91,Sun,36,1
37,Mon,36,1
1,Fri,36,1
93,Fri,36,1
77,Sun,36,1
53,Sun,36,1
63,Mon,36,1
81,Sun,36,1
83,Tue,36,1
67,Thu,36,1
39,Sun,36,1
68,Sun,36,1
78,Fri,36,1
83,Wed,36,1
28,Thu,36,1
43,Mon,36,1
66,Wed,36,1
65,Sat,36,1
73,Thu,36,1
1,Tue,36,1
59,Sat,36,1
15,Wed,36,1
75,Fri,36,1
48,Mon,36,1
33,Wed,36,1
48,Wed,36,1
46,Tue,36,1
94,Thu,36,1
62,Sun,36,1
55,Sat,36,1
82,Fri,36,1
61,Wed,36,1
79,Sat,36,1
17,Sun,36,1
46,Fri,36,1
12,Fri,36,1
63,Wed,36,1
65,Sun,37,1
73,Wed,37,1
4,Fri,37,1
80,Fri,37,1
83,Mon,37,1
30,Wed,37,1
17,Fri,37,1
35,Sat,37,1
16,Thu,37,1
75,Mon,37,1
25,Tue,37,1
74,Wed,37,1
32,Fri,37,1
62,Wed,37,1
70,Wed,37,1
92,Tue,37,1
65,Wed,37,1
14,Tue,37,1
21,Thu,37,1
77,Fri,37,1
20,Wed,37,1
8,Wed,37,1
59,Sat,37,1
30,Mon,37,1
17,Wed,37,1
7,Mon,37,1
70,Fri,37,1
72,Mon,37,1
73,Wed,37,1
23,Tue,37,1
84,Sun,37,1
59,Fri,37,1
68,Mon,37,1
11,Tue,37,1
35,Sun,37,1
80,Tue,37,1
81,Thu,37,1
39,Sat,37,1
23,Wed,37,1
60,Fri,37,1
52,Wed,37,1
60,Sun,37,1
38,Fri,37,1
4,Thu,37,1
48,Sun,37,1
34,Thu,37,1
87,Tue,37,1
40,Tue,37,1
28,Tue,37,1
87,Sun,37,1
41,Mon,38,1
74,Sun,38,1
14,Sat,38,1
63,Thu,38,1
83,Thu,38,1
72,Thu,38,1
66,Sun,38,1
27,Fri,38,1
93,Mon,38,1
82,Mon,38,1
29,Tue,38,1
95,Wed,38,1
7,Sat,38,1
7,Wed,38,1
34,Thu,38,1
73,Mon,38,1
27,Thu,38,1
35,Fri,38,1
91,Thu,38,1
28,Fri,38,1
27,Tue,38,1
55,Thu,38,1
88,Sat,38,1
82,Thu,38,1
39,Wed,38,1
93,Tue,38,1
41,Fri,38,1
1,Thu,38,1
32,Tue,38,1
4,Fri,38,1
33,Sun,38,1
15,Wed,38,1
60,Wed,38,1
39,Tue,38,1
67,Sat,38,1
14,Wed,38,1
55,Thu,38,1
17,Fri,38,1
42,Wed,38,1
54,Thu,38,1
8,Wed,38,1
94,Wed,38,1
11,Sun,38,1
49,Sat,38,1
25,Wed,38,1
23,Fri,38,1
19,Sun,38,1
46,Thu,38,1
53,Thu,38,1
30,Fri,38,1
0,Sat,39,1
94,Mon,39,1
47,Wed,39,1
12,Thu,39,1
73,Sat,39,1
55,Thu,39,1
84,Thu,39,1
22,Sun,39,1
74,Tue,39,1
41,Sun,39,1
44,Wed,39,1
20,Tue,39,1
48,Mon,39,1
86,Thu,39,1
66,Sat,39,1
22,Sun,39,1
37,Sun,39,1
90,Sun,39,1
85,Sat,39,1
5,Fri,39,1
89,Tue,39,1
77,Thu,39,1
40,Tue,39,1
24,Wed,39,1
64,Tue,39,1
79,Thu,39,1
65,Sat,39,1
29,Mon,39,1
73,Wed,39,1
11,Mon,39,1
76,Sat,39,1
50,Thu,39,1
94,Wed,39,1
18,Sat,39,1
8,Sat,39,1
5,Mon,39,1
48,Mon,39,1
54,Mon,39,1
42,Thu,39,1
19,Tue,39,1
32,Mon,39,1
53,Wed,39,1
62,Sun,39,1
86,Tue,39,1
72,Sat,39,1
67,Tue,39,1
29,Sun,39,1
81,Sat,39,1
57,Tue,39,1
61,Sat,39,1
90,Thu,40,1
93,Tue,40,1
3,Fri,40,1
16,Thu,40,1
52,Sun,40,1
76,Mon,40,1
49,Wed,40,1
31,Sun,40,1
46,Mon,40,1
81,Wed,40,1
76,Thu,40,1
95,Fri,40,1
76,Thu,40,1
17,Fri,40,1
68,Tue,40,1
65,Sat,40,1
23,Mon,40,1
78,Wed,40,1
62,Sat,40,1
14,Mon,40,1
20,Mon,40,1
59,Tue,40,1
29,Wed,40,1
41,Sat,40,1
65,Thu,40,1
28,Sat,40,1
88,Fri,40,1
7,Tue,40,1
77,Mon,40,1
64,Mon,40,1
85,Fri,40,1
95,Wed,40,1
1,Sat,40,1
84,Fri,40,1
27,Thu,40,1
36,Wed,40,1
55,Mon,40,1
63,Wed,40,1
64,Mon,40,1
25,Sun,40,1
41,Fri,40,1
95,Thu,40,1
81,Tue,40,1
2,Sun,40,1
67,Mon,40,1
73,Mon,40,1
41,Thu,40,1
24,Fri,40,1
18,Thu,40,1
65,Thu,40,1
66,Mon,41,1
70,Fri,41,1
39,Sun,41,1
42,Mon,41,1
78,Tue,41,1
39,Wed,41,1
64,Thu,41,1
48,Fri,41,1
14,Mon,41,1
22,Fri,41,1
76,Wed,41,1
63,Thu,41,1
28,Tue,41,1
80,Tue,41,1
3,Mon,41,1
66,Fri,41,1
86,Fri,41,1
95,Mon,41,1
95,Fri,41,1
84,Mon,41,1
33,Tue,41,1
70,Sat,41,1
54,Tue,41,1
89,Wed,41,1
67,Sat,41,1
62,Thu,41,1
25,Mon,41,1
95,Thu,41,1
77,Mon,41,1
47,Fri,41,1
49,Fri,41,1
42,Mon,41,1
67,Wed,41,1
19,Mon,41,1
36,Wed,41,1
57,Fri,41,1
45,Tue,41,1
80,Tue,41,1
32,Fri,41,1
46,Thu,41,1
71,Wed,41,1
9,Sun,41,1
83,Tue,41,1
28,Mon,41,1
12,Tue,41,1
45,Sun,41,1
76,Wed,41,1
83,Tue,41,1
61,Sat,41,1
43,Tue,41,1
0,Sun,42,1
53,Wed,42,1
81,Sat,42,1
58,Sat,42,1
0,Tue,42,1
15,Mon,42,1
31,Tue,42,1
48,Fri,42,1
28,Wed,42,1
43,Mon,42,1
79,Tue,42,1
62,Tue,42,1
58,Sun,42,1
6,Fri,42,1
40,Thu,42,1
57,Sun,42,1
21,Wed,42,1
76,Sun,42,1
35,Sat,42,1
36,Thu,42,1
63,Thu,42,1
67,Thu,42,1
78,Sat,42,1
84,Tue,42,1
27,Wed,42,1
95,Fri,42,1
25,Mon,42,1
14,Sat,42,1
25,Tue,42,1
44,Wed,42,1
46,Sun,42,1
85,Fri,42,1
64,Thu,42,1
40,Wed,42,1
70,Thu,42,1
4,Tue,42,1
51,Sat,42,1
0,Tue,42,1
86,Tue,42,1
35,Sat,42,1
65,Thu,42,1
52,Fri,42,1
82,Tue,42,1
49,Wed,42,1
45,Fri,42,1
60,Thu,42,1
36,Sun,42,1
16,Tue,42,1
39,Thu,42,1
26,Thu,42,1
7,Thu,43,1
42,Mon,43,1
36,Fri,43,1
77,Sat,43,1
16,Fri,43,1
62,Sun,43,1
70,Sun,43,1
88,Tue,43,1
56,Wed,43,1
61,Thu,43,1
77,Tue,43,1
36,Fri,43,1
89,Wed,43,1
78,Wed,43,1
90,Wed,43,1
28,Sun,43,1
76,Tue,43,1
38,Wed,43,1
67,Sun,43,1
68,Wed,43,1
48,Sat,43,1
85,Sun,43,1
68,Thu,43,1
67,Fri,43,1
56,Mon,43,1
59,Tue,43,1
41,Wed,43,1
17,Sat,43,1
50,Sat,43,1
40,Wed,43,1
67,Sun,43,1
7,Wed,43,1
93,Wed,43,1
69,Sat,43,1
84,Fri,43,1
18,Thu,43,1
51,Mon,43,1
4,Sun,43,1
50,Wed,43,1
81,Sat,43,1
60,Sun,43,1
38,Thu,43,1
2,Fri,43,1
61,Thu,43,1
57,Tue,43,1
40,Wed,43,1
58,Thu,43,1
47,Mon,43,1
11,Wed,43,1
35,Fri,43,1
89,Fri,44,1
38,Sat,44,1
39,Sun,44,1
3,Sun,44,1
22,Fri,44,1
79,Fri,44,1
30,Sat,44,1
62,Wed,44,1
30,Fri,44,1
87,Mon,44,1
26,Mon,44,1
91,Sun,44,1
73,Mon,44,1
38,Tue,44,1
63,Tue,44,1
0,Wed,44,1
58,Sun,44,1
14,Sat,44,1
66,Tue,44,1
16,Tue,44,1
72,Sat,44,1
87,Thu,44,1
19,Sun,44,1
51,Sun,44,1
6,Fri,44,1
93,Sat,44,1
2,Sun,44,1
43,Fri,44,1
95,Tue,44,1
62,Sun,44,1
26,Sun,44,1
18,Tue,44,1
11,Mon,44,1
30,Thu,44,1
81,Thu,44,1
15,Thu,44,1
63,Wed,44,1
61,Sat,44,1
43,Sun,44,1
76,Sat,44,1
38,Mon,44,1
83,Tue,44,1
71,Sun,44,1
38,Wed,44,1
46,Wed,44,1
12,Sat,44,1
54,Sun,44,1
73,Thu,44,1
11,Thu,44,1
30,Mon,44,1
15,Fri,45,1
49,Mon,45,1
57,Wed,45,1
2,Sun,45,1
78,Fri,45,1
33,Sat,45,1
50,Thu,45,1
34,Fri,45,1
60,Tue,45,1
35,Fri,45,1
95,Mon,45,1
5,Tue,45,1
81,Thu,45,1
78,Mon,45,1
88,Sat,45,1
73,Mon,45,1
77,Thu,45,1
90,Mon,45,1
48,Tue,45,1
35,Wed,45,1
16,Tue,45,1
17,Mon,45,1
23,Wed,45,1
95,Sat,45,1
32,Thu,45,1
27,Mon,45,1
49,Tue,45,1
46,Fri,45,1
7,Thu,45,1
93,Thu,45,1
54,Wed,45,1
67,Thu,45,1
3,Wed,45,1
67,Tue,45,1
12,Tue,45,1
75,Sat,45,1
72,Sat,45,1
18,Sat,45,1
39,Mon,45,1
65,Sun,45,1
28,Sat,45,1
63,Fri,45,1
93,Wed,45,1
59,Tue,45,1
82,Wed,45,1
82,Mon,45,1
45,Fri,45,1
60,Mon,45,1
44,Sat,45,1
79,Thu,45,1
79,Sun,46,1
33,Sun,46,1
46,Sat,46,1
53,Sun,46,1
37,Mon,46,1
56,Sat,46,1
93,Sat,46,1
90,Fri,46,1
90,Fri,46,1
67,Thu,46,1
85,Tue,46,1
17,Sat,46,1
14,Fri,46,1
77,Mon,46,1
42,Wed,46,1
23,Tue,46,1
13,Thu,46,1
5,Sun,46,1
23,Wed,46,1
60,Sun,46,1
12,Sat,46,1
12,Tue,46,1
64,Sun,46,1
6,Thu,46,1
73,Wed,46,1
36,Fri,46,1
23,Sat,46,1
85,Fri,46,1
27,Tue,46,1
77,Sun,46,1
0,Thu,46,1
30,Thu,46,1
53,Tue,46,1
12,Mon,46,1
21,Fri,46,1
91,Fri,46,1
23,Sun,46,1
6,Thu,46,1
4,Sun,46,1
54,Tue,46,1
26,Fri,46,1
73,Mon,46,1
18,Fri,46,1
66,Tue,46,1
18,Tue,46,1
70,Sat,46,1
33,Wed,46,1
60,Tue,46,1
9,Mon,46,1
49,Mon,46,1
32,Sun,47,1
9,Mon,47,1
5,Thu,47,1
88,Mon,47,1
68,Thu,47,1
5,Fri,47,1
52,Tue,47,1
73,Thu,47,1
35,Thu,47,1
44,Sat,47,1
83,Sat,47,1
28,Sat,47,1
94,Fri,47,1
52,Fri,47,1
38,Fri,47,1
82,Thu,47,1
32,Sun,47,1
95,Wed,47,1
20,Wed,47,1
55,Wed,47,1
88,Tue,47,1
59,Thu,47,1
86,Fri,47,1
42,Mon,47,1
68,Thu,47,1
95,Sat,47,1
32,Wed,47,1
94,Wed,47,1
32,Fri,47,1
80,Sat,47,1
49,Sun,47,1
75,Tue,47,1
19,Tue,47,1
9,Wed,47,1
40,Thu,47,1
20,Mon,47,1
47,Thu,47,1
77,Sun,47,1
6,Fri,47,1
60,Fri,47,1
41,Wed,47,1
4,Thu,47,1
92,Wed,47,1
8,Thu,47,1
92,Sat,47,1
78,Thu,47,1
39,Mon,47,1
91,Mon,47,1
50,Wed,47,1
48,Wed,47,1
76,Fri,48,1
93,Sun,48,1
13,Thu,48,1
34,Fri,48,1
19,Fri,48,1
27,Tue,48,1
45,Wed,48,1
47,Fri,48,1
40,Wed,48,1
80,Thu,48,1
51,Mon,48,1
19,Wed,48,1
5,Fri,48,1
38,Sun,48,1
86,Wed,48,1
89,Mon,48,1
75,Mon,48,1
95,Fri,48,1
1,Fri,48,1
86,Mon,48,1
28,Mon,48,1
31,Sat,48,1
91,Sat,48,1
31,Sat,48,1
38,Mon,48,1
73,Thu,48,1
51,Wed,48,1
53,Tue,48,1
51,Sun,48,1
22,Tue,48,1
31,Tue,48,1
68,Sat,48,1
68,Tue,48,1
49,Mon,48,1
49,Sun,48,1
93,Tue,48,1
83,Sat,48,1
14,Thu,48,1
80,Fri,48,1
52,Thu,48,1
79,Thu,48,1
92,Fri,48,1
89,Wed,48,1
13,Sat,48,1
90,Fri,48,1
66,Thu,48,1
84,Thu,48,1
52,Mon,48,1
92,Fri,48,1
50,Thu,48,1
21,Thu,49,1
69,Thu,49,1
67,Wed,49,1
81,Sun,49,1
63,Wed,49,1
9,Wed,49,1
87,Tue,49,1
31,Wed,49,1
70,Mon,49,1
90,Tue,49,1
48,Sat,49,1
24,Tue,49,1
39,Mon,49,1
64,Mon,49,1
41,Mon,49,1
55,Mon,49,1
7,Tue,49,1
84,Mon,49,1
23,Mon,49,1
88,Fri,49,1
15,Sun,49,1
16,Thu,49,1
64,Sat,49,1
20,Mon,49,1
40,Tue,49,1
68,Thu,49,1
28,Wed,49,1
71,Fri,49,1
20,Sun,49,1
43,Wed,49,1
63,Fri,49,1
35,Mon,49,1
76,Wed,49,1
68,Sat,49,1
29,Wed,49,1
90,Tue,49,1
47,Tue,49,1
15,Tue,49,1
15,Wed,49,1
38,Mon,49,1
14,Tue,49,1
32,Fri,49,1
19,Fri,49,1
44,Tue,49,1
45,Tue,49,1
50,Tue,49,1
32,Wed,49,1
65,Sun,49,1
95,Thu,49,1
24,Sun,49,1
14,Sun,50,1
80,Fri,50,1
11,Thu,50,1
25,Wed,50,1
49,Thu,50,1
62,Sat,50,1
1,Thu,50,1
14,Fri,50,1
46,Mon,50,1
21,Sun,50,1
28,Sun,50,1
86,Sat,50,1
8,Sun,50,1
7,Sun,50,1
28,Mon,50,1
25,Wed,50,1
47,Sun,50,1
34,Sun,50,1
94,Tue,50,1
81,Thu,50,1
35,Thu,50,1
92,Fri,50,1
77,Sun,50,1
27,Mon,50,1
35,Tue,50,1
26,Wed,50,1
31,Thu,50,1
79,Wed,50,1
82,Mon,50,1
83,Thu,50,1
6,Fri,50,1
82,Wed,50,1
6,Sat,50,1
71,Sat,50,1
87,Sun,50,1
93,Sat,50,1
40,Wed,50,1
86,Wed,50,1
65,Sun,50,1
28,Sun,50,1
68,Sat,50,1
83,Thu,50,1
43,Tue,50,1
64,Sun,50,1
13,Mon,50,1
87,Mon,50,1
42,Mon,50,1
67,Mon,50,1
34,Thu,50,1
63,Mon,50,1
67,Tue,51,1
4,Fri,51,1
92,Sun,51,1
65,Sat,51,1
41,Tue,51,1
6,Sun,51,1
19,Wed,51,1
95,Sun,51,1
42,Thu,51,1
72,Thu,51,1
63,Mon,51,1
9,Tue,51,1
74,Tue,51,1
0,Fri,51,1
57,Sat,51,1
45,Sun,51,1
29,Sat,51,1
15,Wed,51,1
22,Sun,51,1
14,Thu,51,1
88,Sun,51,1
80,Sun,51,1
29,Tue,51,1
24,Mon,51,1
46,Sun,51,1
77,Sun,51,1
90,Mon,51,1
65,Thu,51,1
90,Sat,51,1
13,Sat,51,1
30,Sun,51,1
26,Tue,51,1
58,Fri,51,1
58,Tue,51,1
88,Sun,51,1
35,Sun,51,1
50,Sat,51,1
79,Wed,51,1
71,Thu,51,1
58,Sun,51,1
79,Sat,51,1
62,Thu,51,1
44,Mon,51,1
91,Tue,51,1
22,Mon,51,1
36,Sat,51,1
15,Mon,51,1
89,Sat,51,1
84,Fri,51,1
48,Fri,51,1
53,Fri,52,1
13,Sat,52,1
25,Wed,52,1
71,Mon,52,1
53,Wed,52,1
38,Thu,52,1
79,Sat,52,1
77,Thu,52,1
59,Mon,52,1
69,Wed,52,1
40,Wed,52,1
14,Thu,52,1
5,Mon,52,1
41,Thu,52,1
92,Mon,52,1
5,Thu,52,1
23,Fri,52,1
3,Mon,52,1
71,Tue,52,1
70,Sun,52,1
22,Wed,52,1
92,Tue,52,1
31,Sun,52,1
39,Sat,52,1
85,Thu,52,1
53,Tue,52,1
48,Tue,52,1
22,Tue,52,1
38,Fri,52,1
2,Tue,52,1
72,Thu,52,1
56,Tue,52,1
49,Thu,52,1
44,Wed,52,1
68,Fri,52,1
86,Mon,52,1
16,Wed,52,1
53,Sat,52,1
24,Wed,52,1
31,Fri,52,1
3,Thu,52,1
77,Fri,52,1
23,Tue,52,1
93,Sat,52,1
16,Sat,52,1
84,Wed,52,1
64,Fri,52,1
16,Mon,52,1
68,Tue,52,1
23,Tue,52,1
20,Sun,53,1
95,Wed,53,1
24,Fri,53,1
11,Wed,53,1
23,Sun,53,1
4,Sun,53,1
59,Thu,53,1
80,Sat,53,1
16,Fri,53,1
77,Thu,53,1
68,Tue,53,1
82,Thu,53,1
87,Wed,53,1
41,Fri,53,1
52,Mon,53,1
85,Mon,53,1
27,Sat,53,1
31,Sat,53,1
61,Mon,53,1
1,Thu,53,1
38,Wed,53,1
10,Sun,53,1
39,Thu,53,1
24,Sun,53,1
21,Thu,53,1
83,Mon,53,1
87,Fri,53,1
70,Tue,53,1
3,Fri,53,1
14,Wed,53,1
9,Sun,53,1
21,Fri,53,1
91,Sun,53,1
91,Mon,53,1
40,Wed,53,1
56,Mon,53,1
8,Mon,53,1
41,Fri,53,1
74,Thu,53,1
11,Tue,53,1
19,Wed,53,1
78,Wed,53,1
51,Sat,53,1
94,Sun,53,1
73,Tue,53,1
8,Mon,53,1
40,Wed,53,1
18,Sat,53,1
70,Fri,53,1
55,Mon,53,1
86,Fri,54,1
66,Thu,54,1
80,Wed,54,1
49,Tue,54,1
18,Wed,54,1
87,Thu,54,1
35,Fri,54,1
25,Sun,54,1
37,Mon,54,1
92,Tue,54,1
87,Wed,54,1
5,Mon,54,1
70,Tue,54,1
68,Sat,54,1
22,Tue,54,1
56,Fri,54,1
18,Thu,54,1
38,Mon,54,1
21,Sat,54,1
6,Wed,54,1
41,Fri,54,1
66,Mon,54,1
67,Mon,54,1
85,Sun,54,1
27,Tue,54,1
64,Tue,54,1
68,Tue,54,1
56,Sat,54,1
1,Tue,54,1
62,Tue,54,1
74,Mon,54,1
30,Tue,54,1
30,Sun,54,1
44,Sat,54,1
38,Mon,54,1
36,Tue,54,1
6,Mon,54,1
21,Tue,54,1
56,Sun,54,1
0,Sun,54,1
56,Mon,54,1
2,Fri,54,1
83,Sun,54,1
21,Wed,54,1
18,Wed,54,1
58,Wed,54,1
39,Tue,54,1
56,Thu,54,1
92,Fri,54,1
5,Fri,54,1
25,Wed,55,1
73,Sat,55,1
40,Thu,55,1
19,Wed,55,1
46,Wed,55,1
52,Sun,55,1
25,Wed,55,1
76,Tue,55,1
74,Sun,55,1
36,Thu,55,1
74,Wed,55,1
54,Wed,55,1
71,Wed,55,1
79,Sat,55,1
89,Mon,55,1
53,Sat,55,1
37,Sun,55,1
66,Tue,55,1
47,Fri,55,1
25,Sat,55,1
29,Mon,55,1
71,Tue,55,1
57,Thu,55,1
46,Sun,55,1
25,Thu,55,1
13,Thu,55,1
30,Thu,55,1
9,Sun,55,1
78,Wed,55,1
4,Thu,55,1
77,Tue,55,1
70,Wed,55,1
5,Fri,55,1
36,Wed,55,1
85,Tue,55,1
36,Mon,55,1
56,Sat,55,1
95,Tue,55,1
84,Sat,55,1
44,Tue,55,1
47,Sun,55,1
74,Sat,55,1
81,Sun,55,1
44,Wed,55,1
67,Sun,55,1
43,Tue,55,1
43,Mon,55,1
22,Mon,55,1
36,Fri,55,1
18,Mon,55,1
28,Sat,56,1
67,Fri,56,1
44,Sun,56,1
78,Sun,56,1
7,Tue,56,1
63,Mon,56,1
58,Thu,56,1
73,Wed,56,1
48,Thu,56,1
5,Fri,56,1
57,Sat,56,1
7,Sat,56,1
71,Mon,56,1
38,Thu,56,1
46,Tue,56,1
2,Mon,56,1
48,Fri,56,1
77,Sun,56,1
74,Fri,56,1
35,Sat,56,1
77,Mon,56,1
64,Sun,56,1
91,Sat,56,1
27,Tue,56,1
57,Tue,56,1
52,Wed,56,1
41,Tue,56,1
68,Tue,56,1
12,Tue,56,1
30,Sun,56,1
18,Tue,56,1
65,Tue,56,1
57,Fri,56,1
74,Tue,56,1
90,Thu,56,1
22,Sat,56,1
91,Fri,56,1
86,Sat,56,1
44,Fri,56,1
45,Tue,56,1
43,Wed,56,1
67,Mon,56,1
47,Sat,56,1
32,Wed,56,1
91,Tue,56,1
75,Fri,56,1
82,Sat,56,1
82,Mon,56,1
0,Sun,56,1
32,Fri,56,1
35,Sun,57,1
57,Mon,57,1
56,Wed,57,1
39,Wed,57,1
95,Mon,57,1
35,Mon,57,1
70,Sat,57,1
35,Mon,57,1
46,Thu,57,1
43,Thu,57,1
8,Mon,57,1
2,Mon,57,1
65,Wed,57,1
24,Thu,57,1
13,Sun,57,1
29,Wed,57,1
67,Fri,57,1
66,Sat,57,1
27,Wed,57,1
61,Sun,57,1
49,Fri,57,1
23,Wed,57,1
80,Tue,57,1
26,Sat,57,1
18,Mon,57,1
83,Wed,57,1
60,Mon,57,1
12,Sun,57,1
41,Fri,57,1
58,Fri,57,1
24,Sat,57,1
40,Fri,57,1
49,Tue,57,1
64,Thu,57,1
2,Thu,57,1
55,Sun,57,1
92,Fri,57,1
26,Mon,57,1
51,Tue,57,1
15,Mon,57,1
14,Tue,57,1
60,Fri,57,1
18,Mon,57,1
32,Mon,57,1
52,Sun,57,1
2,Thu,57,1
55,Fri,57,1
56,Fri,57,1
12,Tue,57,1
24,Thu,57,1
27,Thu,58,1
56,Mon,58,1
70,Sat,58,1
1,Mon,58,1
54,Sat,58,1
38,Sun,58,1
46,Thu,58,1
4,Tue,58,1
29,Wed,58,1
88,Mon,58,1
71,Thu,58,1
46,Fri,58,1
5,Wed,58,1
15,Mon,58,1
43,Sun,58,1
24,Fri,58,1
16,Wed,58,1
23,Sun,58,1
83,Wed,58,1
10,Sat,58,1
92,Sat,58,1
1,Mon,58,1
16,Thu,58,1
49,Sat,58,1
69,Fri,58,1
7,Sun,58,1
91,Mon,58,1
26,Thu,58,1
46,Fri,58,1
77,Thu,58,1
21,Sun,58,1
66,Sat,58,1
35,Thu,58,1
25,Sat,58,1
63,Mon,58,1
26,Tue,58,1
21,Sun,58,1
38,Thu,58,1
24,Sun,58,1
75,Thu,58,1
78,Mon,58,1
17,Thu,58,1
0,Sat,58,1
95,Mon,58,1
28,Sun,58,1
58,Mon,58,1
90,Sat,58,1
25,Sun,58,1
10,Thu,58,1
8,Wed,58,1
76,Sat,59,1
95,Wed,59,1
8,Fri,59,1
16,Thu,59,1
8,Mon,59,1
5,Sun,59,1
80,Wed,59,1
48,Thu,59,1
80,Tue,59,1
38,Wed,59,1
20,Tue,59,1
85,Fri,59,1
87,Thu,59,1
22,Tue,59,1
89,Fri,59,1
24,Sun,59,1
13,Tue,59,1
6,Fri,59,1
53,Sun,59,1
22,Sat,59,1
54,Wed,59,1
36,Fri,59,1
13,Sat,59,1
88,Fri,59,1
86,Sun,59,1
35,Tue,59,1
75,Tue,59,1
41,Sat,59,1
90,Wed,59,1
5,Sun,59,1
26,Sat,59,1
75,Fri,59,1
77,Fri,59,1
64,Sat,59,1
15,Tue,59,1
4,Sat,59,1
53,Sat,59,1
41,Thu,59,1
93,Fri,59,1
49,Tue,59,1
16,Sun,59,1
32,Fri,59,1
19,Sat,59,1
40,Mon,59,1
69,Sun,59,1
32,Sun,59,1
3,Sat,59,1
56,Sun,59,1
41,Wed,59,1
71,Fri,59,1
14,Wed,60,1
60,Tue,60,1
42,Mon,60,1
20,Sun,60,1
88,Fri,60,1
76,Sun,60,1
43,Sat,60,1
58,Thu,60,1
15,Sat,60,1
44,Fri,60,1
7,Sat,60,1
21,Sun,60,1
15,Fri,60,1
39,Sat,60,1
5,Thu,60,1
44,Fri,60,1
80,Fri,60,1
13,Sat,60,1
27,Fri,60,1
19,Thu,60,1
40,Sat,60,1
80,Sun,60,1
20,Tue,60,1
31,Sun,60,1
2,Mon,60,1
36,Sun,60,1
24,Thu,60,1
3,Sun,60,1
58,Mon,60,1
19,Mon,60,1
52,Thu,60,1
76,Fri,60,1
14,Thu,60,1
73,Thu,60,1
60,Sun,60,1
61,Fri,60,1
93,Fri,60,1
62,Tue,60,1
12,Thu,60,1
1,Sun,60,1
65,Wed,60,1
87,Thu,60,1
19,Sun,60,1
61,Sun,60,1
58,Tue,60,1
61,Sat,60,1
79,Wed,60,1
65,Thu,60,1
22,Mon,60,1
95,Sun,60,1
20,Sat,61,1
55,Fri,61,1
51,Sat,61,1
50,Thu,61,1
86,Fri,61,1
11,Fri,61,1
77,Fri,61,1
57,Sat,61,1
78,Fri,61,1
58,Wed,61,1
45,Tue,61,1
9,Thu,61,1
20,Thu,61,1
82,Tue,61,1
29,Tue,61,1
6,Sun,61,1
56,Wed,61,1
13,Wed,61,1
32,Sun,61,1
9,Wed,61,1
36,Thu,61,1
24,Fri,61,1
72,Mon,61,1
27,Mon,61,1
31,Wed,61,1
58,Wed,61,1
4,Thu,61,1
34,Tue,61,1
90,Mon,61,1
15,Thu,61,1
71,Mon,61,1
4,Sun,61,1
76,Tue,61,1
35,Fri,61,1
67,Sun,61,1
30,Thu,61,1
9,Thu,61,1
17,Fri,61,1
48,Wed,61,1
86,Tue,61,1
50,Sun,61,1
20,Thu,61,1
94,Mon,61,1
31,Sat,61,1
68,Wed,61,1
69,Sun,61,1
10,Thu,61,1
79,Sun,61,1
19,Thu,61,1
48,Sat,61,1
15,Sat,62,1
11,Sat,62,1
17,Mon,62,1
68,Tue,62,1
88,Thu,62,1
83,Sat,62,1
50,Wed,62,1
17,Mon,62,1
65,Fri,62,1
2,Sun,62,1
49,Fri,62,1
15,Fri,62,1
21,Wed,62,1
23,Tue,62,1
20,Thu,62,1
91,Thu,62,1
26,Sat,62,1
22,Thu,62,1
75,Fri,62,1
55,Wed,62,1
54,Thu,62,1
25,Thu,62,1
16,Thu,62,1
24,Mon,62,1
36,Thu,62,1
67,Sun,62,1
21,Fri,62,1
4,Wed,62,1
64,Fri,62,1
82,Mon,62,1
26,Mon,62,1
5,Sun,62,1
8,Thu,62,1
47,Mon,62,1
35,Sun,62,1
52,Thu,62,1
82,Sun,62,1
76,Thu,62,1
57,Fri,62,1
10,Wed,62,1
82,Tue,62,1
9,Sat,62,1
65,Fri,62,1
36,Thu,62,1
32,Sat,62,1
28,Thu,62,1
72,Thu,62,1
10,Tue,62,1
51,Fri,62,1
29,Thu,62,1
22,Fri,63,1
52,Tue,63,1
76,Tue,63,1
74,Tue,63,1
24,Thu,63,1
91,Sun,63,1
90,Wed,63,1
45,Sun,63,1
48,Fri,63,1
45,Thu,63,1
44,Mon,63,1
63,Sun,63,1
44,Sat,63,1
44,Mon,63,1
21,Sun,63,1
81,Sat,63,1
20,Mon,63,1
54,Mon,63,1
2,Wed,63,1
17,Sun,63,1
34,Sun,63,1
44,Wed,63,1
61,Thu,63,1
2,Wed,63,1
36,Sat,63,1
62,Mon,63,1
70,Fri,63,1
37,Sat,63,1
4,Fri,63,1
77,Tue,63,1
84,Sat,63,1
6,Thu,63,1
62,Sat,63,1
66,Mon,63,1
1,Wed,63,1
90,Thu,63,1
51,Mon,63,1
18,Tue,63,1
93,Mon,63,1
57,Mon,63,1
14,Wed,63,1
73,Fri,63,1
71,Tue,63,1
67,Fri,63,1
9,Mon,63,1
48,Fri,63,1
9,Wed,63,1
31,Mon,63,1
24,Thu,63,1
7,Fri,63,1
17,Mon,64,1
89,Wed,64,1
42,Fri,64,1
71,Mon,64,1
68,Wed,64,1
95,Wed,64,1
52,Sun,64,1
5,Wed,64,1
25,Thu,64,1
35,Sat,64,1
94,Wed,64,1
50,Sat,64,1
39,Fri,64,1
11,Sun,64,1
92,Sun,64,1
8,Sat,64,1
83,Sat,64,1
71,Mon,64,1
45,Tue,64,1
73,Sat,64,1
74,Mon,64,1
45,Sat,64,1
26,Thu,64,1
70,Wed,64,1
88,Fri,64,1
0,Tue,64,1
87,Fri,64,1
28,Sat,64,1
12,Wed,64,1
12,Mon,64,1
2,Thu,64,1
56,Fri,64,1
5,Thu,64,1
38,Tue,64,1
89,Tue,64,1
60,Tue,64,1
41,Tue,64,1
11,Thu,64,1
43,Sun,64,1
57,Fri,64,1
26,Thu,64,1
26,Mon,64,1
61,Mon,64,1
83,Fri,64,1
6,Wed,64,1
67,Fri,64,1
69,Tue,64,1
11,Sat,64,1
90,Fri,64,1
69,Fri,64,1
13,Sat,65,1
29,Wed,65,1
25,Fri,65,1
13,Sat,65,1
57,Tue,65,1
36,Tue,65,1
71,Wed,65,1
87,Fri,65,1
71,Tue,65,1
33,Sat,65,1
22,Thu,65,1
48,Thu,65,1
95,Sat,65,1
79,Thu,65,1
66,Fri,65,1
5,Tue,65,1
5,Thu,65,1
10,Mon,65,1
33,Wed,65,1
54,Sun,65,1
70,Wed,65,1
86,Tue,65,1
16,Mon,65,1
35,Mon,65,1
29,Wed,65,1
12,Fri,65,1
70,Thu,65,1
37,Tue,65,1
31,Thu,65,1
24,Tue,65,1
14,Mon,65,1
1,Fri,65,1
41,Fri,65,1
92,Tue,65,1
62,Sun,65,1
75,Mon,65,1
28,Wed,65,1
4,Sun,65,1
19,Sun,65,1
19,Thu,65,1
52,Mon,65,1
54,Thu,65,1
88,Thu,65,1
31,Sun,65,1
66,Sat,65,1
33,Sun,65,1
16,Fri,65,1
0,Fri,65,1
54,Sat,65,1
83,Thu,65,1
40,Fri,66,1
13,Tue,66,1
37,Sun,66,1
60,Wed,66,1
2,Fri,66,1
74,Tue,66,1
70,Wed,66,1
49,Sun,66,1
60,Tue,66,1
27,Thu,66,1
29,Fri,66,1
71,Mon,66,1
13,Wed,66,1
79,Wed,66,1
45,Sun,66,1
21,Tue,66,1
36,Wed,66,1
46,Tue,66,1
59,Tue,66,1
92,Thu,66,1
80,Sun,66,1
65,Thu,66,1
35,Thu,66,1
30,Thu,66,1
46,Tue,66,1
33,Mon,66,1
87,Thu,66,1
24,Wed,66,1
85,Wed,66,1
35,Sat,66,1
71,Wed,66,1
29,Fri,66,1
27,Sat,66,1
74,Mon,66,1
87,Fri,66,1
14,Fri,66,1
28,Fri,66,1
46,Tue,66,1
48,Wed,66,1
71,Thu,66,1
58,Fri,66,1
35,Wed,66,1
37,Sun,66,1
73,Thu,66,1
25,Thu,66,1
72,Thu,66,1
87,Thu,66,1
84,Sun,66,1
13,Sat,66,1
81,Wed,66,1
27,Thu,67,1
23,Tue,67,1
31,Thu,67,1
73,Wed,67,1
72,Thu,67,1
67,Thu,67,1
16,Wed,67,1
1,Tue,67,1
70,Thu,67,1
51,Fri,67,1
45,Wed,67,1
54,Tue,67,1
25,Tue,67,1
10,Tue,67,1
79,Fri,67,1
69,Fri,67,1
75,Fri,67,1
19,Fri,67,1
26,Sun,67,1
8,Sun,67,1
82,Thu,67,1
46,Wed,67,1
55,Mon,67,1
61,Wed,67,1
55,Wed,67,1
26,Mon,67,1
44,Fri,67,1
27,Tue,67,1
92,Tue,67,1
60,Sun,67,1
34,Sun,67,1
35,Mon,67,1
1,Sat,67,1
0,Sat,67,1
93,Mon,67,1
62,Sun,67,1
35,Sun,67,1
14,Tue,67,1
84,Tue,67,1
48,Sun,67,1
95,Thu,67,1
61,Tue,67,1
53,Wed,67,1
0,Fri,67,1
52,Sat,67,1
28,Wed,67,1
49,Wed,67,1
93,Sat,67,1
21,Mon,67,1
72,Wed,67,1
12,Mon,68,1
90,Wed,68,1
18,Thu,68,1
78,Sat,68,1
2,Mon,68,1
24,Sun,68,1
43,Wed,68,1
44,Wed,68,1
54,Fri,68,1
0,Thu,68,1
52,Fri,68,1
75,Sun,68,1
40,Fri,68,1
31,Tue,68,1
79,Fri,68,1
58,Mon,68,1
66,Thu,68,1
21,Sat,68,1
17,Thu,68,1
65,Tue,68,1
49,Wed,68,1
92,Sat,68,1
22,Thu,68,1
55,Sun,68,1
71,Mon,68,1
26,Sat,68,1
94,Wed,68,1
13,Mon,68,1
39,Thu,68,1
73,Wed,68,1
45,Sun,68,1
29,Sat,68,1
55,Fri,68,1
27,Wed,68,1
72,Mon,68,1
91,Fri,68,1
47,Sat,68,1
36,Sun,68,1
21,Sat,68,1
72,Mon,68,1
6,Thu,68,1
42,Tue,68,1
26,Mon,68,1
80,Sun,68,1
27,Sun,68,1
93,Thu,68,1
80,Fri,68,1
44,Fri,68,1
5,Fri,68,1
39,Sat,68,1
47,Fri,69,1
63,Wed,69,1
39,Fri,69,1
40,Wed,69,1
81,Sun,69,1
61,Sat,69,1
77,Fri,69,1
92,Sat,69,1
13,Sun,69,1
29,Wed,69,1
61,Sat,69,1
21,Sun,69,1
17,Tue,69,1
42,Sat,69,1
27,Wed,69,1
69,Sun,69,1
15,Mon,69,1
92,Sat,69,1
22,Tue,69,1
53,Wed,69,1
10,Tue,69,1
19,Sun,69,1
28,Tue,69,1
59,Tue,69,1
28,Tue,69,1
51,Sat,69,1
40,Thu,69,1
37,Sat,69,1
57,Sat,69,1
35,Sun,69,1
87,Sun,69,1
14,Tue,69,1
33,Fri,69,1
21,Wed,69,1
88,Fri,69,1
89,Tue,69,1
56,Mon,69,1
70,Thu,69,1
44,Thu,69,1
26,Wed,69,1
15,Wed,69,1
59,Mon,69,1
22,Sat,69,1
88,Thu,69,1
44,Tue,69,1
76,Sat,69,1
60,Mon,69,1
76,Thu,69,1
24,Sun,69,1
52,Sun,69,1
58,Sun,70,1
53,Sat,70,1
95,Sun,70,1
80,Sun,70,1
70,Mon,70,1
35,Tue,70,1
90,Fri,70,1
64,Thu,70,1
13,Thu,70,1
6,Sun,70,1
5,Tue,70,1
85,Thu,70,1
95,Tue,70,1
77,Wed,70,1
54,Sun,70,1
88,Tue,70,1
4,Sat,70,1
12,Fri,70,1
65,Thu,70,1
16,Wed,70,1
3,Mon,70,1
26,Wed,70,1
10,Sun,70,1
68,Sat,70,1
10,Sun,70,1
45,Mon,70,1
41,Wed,70,1
28,Fri,70,1
51,Sun,70,1
53,Fri,70,1
57,Sun,70,1
12,Sat,70,1
11,Sat,70,1
53,Fri,70,1
90,Mon,70,1
37,Sun,70,1
28,Sun,70,1
46,Thu,70,1
67,Sun,70,1
55,Tue,70,1
6,Mon,70,1
13,Fri,70,1
21,Mon,70,1
42,Tue,70,1
93,Sun,70,1
2,Wed,70,1
86,Tue,70,1
8,Wed,70,1
73,Sat,70,1
32,Sun,70,1
18,Sat,71,1
8,Wed,71,1
22,Wed,71,1
14,Mon,71,1
46,Tue,71,1
54,Fri,71,1
9,Sun,71,1
60,Wed,71,1
53,Sun,71,1
1,Sat,71,1
73,Fri,71,1
40,Mon,71,1
25,Fri,71,1
67,Mon,71,1
81,Tue,71,1
71,Fri,71,1
9,Thu,71,1
64,Thu,71,1
15,Sun,71,1
74,Thu,71,1
86,Fri,71,1
30,Tue,71,1
78,Mon,71,1
87,Thu,71,1
5,Fri,71,1
41,Sun,71,1
20,Sun,71,1
62,Wed,71,1
87,Thu,71,1
10,Tue,71,1
41,Tue,71,1
95,Mon,71,1
29,Thu,71,1
25,Wed,71,1
73,Wed,71,1
70,Wed,71,1
64,Thu,71,1
60,Sun,71,1
51,Sat,71,1
65,Tue,71,1
8,Tue,71,1
28,Sun,71,1
2,Mon,71,1
34,Thu,71,1
32,Tue,71,1
93,Sun,71,1
64,Sun,71,1
16,Fri,71,1
50,Mon,71,1
67,Mon,71,1
41,Tue,72,1
61,Sat,72,1
40,Sat,72,1
18,Mon,72,1
65,Sun,72,1
33,Fri,72,1
2,Mon,72,1
11,Wed,72,1
10,Mon,72,1
73,Thu,72,1
22,Thu,72,1
54,Tue,72,1
63,Tue,72,1
12,Fri,72,1
1,Wed,72,1
38,Sat,72,1
66,Mon,72,1
54,Sun,72,1
73,Thu,72,1
55,Thu,72,1
86,Fri,72,1
81,Sun,72,1
80,Thu,72,1
23,Tue,72,1
67,Sun,72,1
0,Fri,72,1
33,Tue,72,1
52,Thu,72,1
23,Sun,72,1
2,Tue,72,1
15,Tue,72,1
33,Mon,72,1
11,Fri,72,1
80,Wed,72,1
35,Thu,72,1
33,Thu,72,1
18,Tue,72,1
60,Mon,72,1
65,Fri,72,1
31,Sat,72,1
46,Wed,72,1
77,Fri,72,1
24,Thu,72,1
63,Thu,72,1
68,Fri,72,1
29,Tue,72,1
29,Sat,72,1
17,Mon,72,1
32,Thu,72,1
68,Mon,72,1
0,Wed,73,1
28,Mon,73,1
25,Sat,73,1
11,Sun,73,1
88,Fri,73,1
74,Thu,73,1
78,Sun,73,1
60,Sun,73,1
74,Sun,73,1
77,Sat,73,1
32,Tue,73,1
33,Fri,73,1
85,Sun,73,1
56,Mon,73,1
44,Tue,73,1
23,Sat,73,1
50,Tue,73,1
78,Tue,73,1
87,Tue,73,1
47,Wed,73,1
68,Thu,73,1
53,Tue,73,1
90,Thu,73,1
30,Fri,73,1
58,Fri,73,1
26,Mon,73,1
79,Tue,73,1
35,Thu,73,1
93,Wed,73,1
18,Thu,73,1
25,Sat,73,1
95,Thu,73,1
71,Fri,73,1
37,Tue,73,1
36,Mon,73,1
95,Thu,73,1
87,Thu,73,1
76,Fri,73,1
65,Sat,73,1
5,Sun,73,1
23,Sat,73,1
12,Thu,73,1
71,Thu,73,1
63,Sat,73,1
31,Thu,73,1
67,Tue,73,1
44,Sun,73,1
56,Tue,73,1
51,Tue,73,1
86,Sun,73,1
28,Sun,74,1
44,Sun,74,1
6,Thu,74,1
76,Wed,74,1
92,Mon,74,1
93,Thu,74,1
32,Sat,74,1
70,Thu,74,1
39,Fri,74,1
83,Tue,74,1
14,Tue,74,1
85,Sat,74,1
78,Wed,74,1
3,Sat,74,1
1,Wed,74,1
9,Sun,74,1
73,Thu,74,1
8,Sun,74,1
21,Thu,74,1
83,Thu,74,1
17,Mon,74,1
62,Tue,74,1
9,Fri,74,1
38,Tue,74,1
60,Thu,74,1
78,Sun,74,1
71,Tue,74,1
11,Tue,74,1
67,Tue,74,1
42,Mon,74,1
19,Thu,74,1
51,Sat,74,1
39,Mon,74,1
37,Tue,74,1
12,Tue,74,1
32,Sun,74,1
67,Mon,74,1
53,Fri,74,1
78,Sun,74,1
34,Sun,74,1
54,Mon,74,1
21,Wed,74,1
94,Sat,74,1
72,Wed,74,1
57,Tue,74,1
60,Sun,74,1
14,Thu,74,1
15,Sun,74,1
81,Thu,74,1
7,Wed,74,1
13,Wed,75,1
32,Wed,75,1
48,Fri,75,1
61,Fri,75,1
65,Mon,75,1
83,Mon,75,1
69,Sat,75,1
21,Fri,75,1
93,Sat,75,1
11,Thu,75,1
55,Fri,75,1
67,Wed,75,1
14,Mon,75,1
82,Wed,75,1
31,Wed,75,1
66,Fri,75,1
94,Wed,75,1
94,Sun,75,1
6,Sun,75,1
59,Mon,75,1
11,Sun,75,1
73,Fri,75,1
60,Wed,75,1
4,Sat,75,1
18,Fri,75,1
45,Wed,75,1
77,Sun,75,1
61,Wed,75,1
38,Wed,75,1
87,Fri,75,1
56,Tue,75,1
36,Mon,75,1
74,Sun,75,1
7,Mon,75,1
19,Thu,75,1
17,Mon,75,1
19,Fri,75,1
45,Fri,75,1
57,Sat,75,1
94,Fri,75,1
74,Mon,75,1
38,Thu,75,1
78,Wed,75,1
85,Wed,75,1
74,Sun,75,1
48,Tue,75,1
83,Fri,75,1
40,Sat,75,1
38,Fri,75,1
77,Fri,75,1
39,Sun,76,1
24,Fri,76,1
60,Sun,76,1
88,Mon,76,1
58,Sat,76,1
74,Mon,76,1
64,Wed,76,1
78,Wed,76,1
46,Sun,76,1
25,Wed,76,1
60,Sat,76,1
34,Thu,76,1
18,Sat,76,1
50,Thu,76,1
71,Sat,76,1
84,Wed,76,1
25,Mon,76,1
39,Sat,76,1
20,Thu,76,1
89,Sun,76,1
56,Fri,76,1
25,Thu,76,1
15,Tue,76,1
60,Wed,76,1
28,Sat,76,1
87,Sun,76,1
63,Tue,76,1
67,Sun,76,1
55,Thu,76,1
59,Thu,76,1
42,Fri,76,1
55,Mon,76,1
25,Fri,76,1
59,Thu,76,1
85,Mon,76,1
4,Sun,76,1
87,Thu,76,1
17,Tue,76,1
6,Mon,76,1
0,Fri,76,1
51,Sat,76,1
2,Wed,76,1
68,Fri,76,1
13,Mon,76,1
10,Wed,76,1
44,Mon,76,1
72,Sat,76,1
13,Sun,76,1
38,Thu,76,1
42,Wed,76,1
31,Tue,77,1
39,Sat,77,1
78,Wed,77,1
45,Mon,77,1
71,Mon,77,1
60,Mon,77,1
43,Sat,77,1
70,Fri,77,1
4,Thu,77,1
73,Thu,77,1
94,Thu,77,1
78,Mon,77,1
33,Sat,77,1
22,Wed,77,1
22,Sat,77,1
0,Sun,77,1
57,Sun,77,1
67,Thu,77,1
0,Thu,77,1
94,Thu,77,1
60,Tue,77,1
23,Mon,77,1
54,Mon,77,1
44,Wed,77,1
75,Thu,77,1
90,Sun,77,1
36,Mon,77,1
19,Sun,77,1
86,Tue,77,1
35,Fri,77,1
41,Thu,77,1
15,Sun,77,1
67,Sun,77,1
75,Sat,77,1
83,Tue,77,1
60,Mon,77,1
81,Fri,77,1
67,Wed,77,1
38,Sun,77,1
67,Sun,77,1
29,Mon,77,1
48,Wed,77,1
23,Sun,77,1
30,Tue,77,1
70,Thu,77,1
25,Tue,77,1
2,Thu,77,1
33,Tue,77,1
89,Fri,77,1
57,Mon,77,1
